ticket_no,passenger_id,passenger_name,contact_data
6592209567031,52-2125718,Lolita Willbourne,lacus at velit vivamus vel nulla eget eros
8999726685513,80-9694215,Alicia Ramsbottom,elementum pellentesque quisque porta volutpat erat
8256409036381,81-7473712,Odessa Bleckly,nisi volutpat eleifend donec ut dolor morbi vel
0281736151972,71-3173940,Doretta Allright,vel augue vestibulum ante ipsum primis in
1740956264291,22-8908471,Hortense Hayler,faucibus orci luctus et ultrices posuere cubilia curae nulla
8781097986876,05-9180983,Sabra Verecker,proin interdum mauris non ligula pellentesque ultrices phasellus id
0666047273552,34-2177485,Colline Thomsson,cubilia curae nulla dapibus dolor vel
0316515028372,31-1258972,Juli O' Scallan,duis consequat dui nec nisi volutpat eleifend
6761332120744,22-3573405,Tadd Halt,massa id nisl venenatis lacinia aenean sit amet justo morbi
0904682481581,49-0418462,Benny Lynett,odio porttitor id consequat in consequat ut
8677610723026,26-7234313,Evangelin Gynne,donec diam neque vestibulum eget
7221359181590,22-1771894,Hastie Sweeney,vestibulum ac est lacinia nisi venenatis tristique fusce congue diam
0039335275811,42-8055109,Thacher O'Glessane,in felis eu sapien cursus vestibulum proin eu mi
6768008893086,73-5411658,Dorthy Watting,auctor gravida sem praesent id
4555019464966,25-8900567,Marcille Stanger,quam sollicitudin vitae consectetuer eget rutrum
4147487586044,22-9779657,Morgan MacIlwrick,pede venenatis non sodales sed
8514548855636,39-9922370,Berti Critten,in quis justo maecenas rhoncus
2515913517272,68-0859571,Gay Bedin,vestibulum aliquet ultrices erat tortor sollicitudin
5781757529743,10-6599816,Tallie Caroli,luctus cum sociis natoque penatibus et magnis dis parturient
9937191114063,92-2078385,Krystle Weall,ut nunc vestibulum ante ipsum primis
2870655640716,69-1887309,Alfred Iacovino,dapibus augue vel accumsan tellus nisi eu orci
4321883705629,29-2034053,Hanson Sear,proin risus praesent lectus vestibulum quam sapien varius ut
7093494345864,53-2627345,Rochell Cattanach,sapien cum sociis natoque penatibus et magnis dis parturient montes
7229603630984,15-6639247,Griswold Gaymer,interdum in ante vestibulum ante ipsum primis in
8151044579246,86-3644612,Maurene Joney,dui luctus rutrum nulla tellus in sagittis dui vel nisl
3794943476074,12-4030680,Cherie Skyrm,etiam justo etiam pretium iaculis justo in hac habitasse platea
3358267523806,20-6572381,Romonda Goodlife,primis in faucibus orci luctus
4155143595016,41-2199586,Lotti Jarrad,vivamus vel nulla eget eros elementum pellentesque
2812402005331,30-8580722,Lowe Verry,amet eleifend pede libero quis orci
6354021910530,44-6817147,Lukas Kerwin,platea dictumst etiam faucibus cursus urna ut tellus nulla ut
